Street,City,ZipCode
101 Mapel Street, Springfeld, IL
202 Oke Av., Madson WI
303 Pyn Drive., Raliegh NC
404 Ceder Ct., Denvr CO
505 Burch Blv, Portlnd OR
606 Walnt Wy, Austn TX
707 Chestnut Strt, Bostn MA
808 Redwd Rd., SanJose CA
909 Aspn Av, Slt Lk Cty UT
111 Hickry St., Atlnta GA
222 Poplr Pl., Seatle WA
333 Magnlia Dr., Maimi FL
444 Sycmore Ln., Colmbus OH
555 Dogwd St., Minneaplis MN
666 Frr Ct., Phonix AZ
777 Sprce St., Knsas Cty MO
888 Wilow Wy, Nashvile TN
999 Plm Av., LosAngeles CA
121 Junpr Dr., Chicgo IL
131 Aldr St., NewOrleans LA
11 Maple St, Helena, MT 59601
22 Oak St, Cheyenne, WY 82001
33 Pine St, Bismarck, ND 58501
44 Cedar St, Pierre, SD 57501
55 Birch St, Juneau, AK 99801
66 Walnut St, Honolulu, HI 96813
77 Chestnut St, Salem, OR 97301
88 Redwood St, Olympia, WA 98501
99 Aspen St, Carson City, NV 89701
111 Hickory St, Phoenix, AZ 85004